{"cameraMode":{"drawMode":0,"name":"Shaded","section":"Shading Mode"},"sceneLighting":false,"audioPlay":false,"sceneViewState":{"showFog":true,"showMaterialUpdate":false,"showSkybox":true,"showFlares":true,"showImageEffects":true,"showParticleSystems":true},"in2DMode":false,"pivot":{"x":-0.6394123435020447,"y":1.1990320682525635,"z":0.9130868911743164},"rotation":{"x":0.062383830547332767,"y":0.09178649634122849,"z":0.005761655047535896,"w":-0.9938059449195862},"size":7.5412187576293949,"orthographic":false}